chas,nox,rm,ptratio,lstat,ROOMS_PER_TAX,NOX_ACCESS,CRIM_LOG,HIGHWAY_ACCESS,AGE_GROUP_mid
0,0.538,6.575,15.3,4.98,0.02221283776279447,2.2004200000000003,0.006300112548479854,0.19646365422396858,True
0,0.469,6.421,17.8,9.14,0.026533057741598937,2.3295699,0.026943735447546184,0.33517118868462065,True
0,0.469,7.185,17.8,4.03,0.029690082521941805,2.3295699,0.026924266937859983,0.33517118868462065,True
0,0.458,6.998,18.7,2.94,0.03152252238052918,2.7764876,0.031857129935659596,0.42479680552802246,False
0,0.458,7.147,18.7,5.33,0.03219369354867706,2.7764876,0.06677040363385237,0.42479680552802246,True
0,0.458,6.43,18.7,5.21,0.028963963833495657,2.7764876,0.029413160568349615,0.42479680552802246,True
0,0.524,6.012,15.2,12.43,0.019331189648452766,2.9137020000000002,0.08460765703482563,0.7621370322383965,True
0,0.524,6.172,15.2,19.15,0.019845659100174728,3.118062,0.13501154665587695,0.7193727069994964,False
0,0.524,5.631,15.2,29.93,0.01810610926653984,3.1870203999999998,0.191644628254806,0.7060052809195013,False
0,0.524,6.004,15.2,17.1,0.019305466175866665,3.4542604000000003,0.15703793625945525,0.6585793127066293,False
0,0.524,6.377,15.2,20.45,0.020504823085193493,3.3256708,0.20285104404642812,0.6805776743299713,False
0,0.524,6.009,15.2,13.27,0.01932154334623298,3.2627908000000003,0.11106720150765238,0.6918787274966444,False
0,0.524,5.889,15.2,15.71,0.018935691257441507,2.8562716,0.08963958688495932,0.7750856469639895,False
0,0.538,5.949,21.0,8.26,0.019377850099746415,2.532635,0.48843276471410274,0.700832238282961,True
0,0.538,6.096,21.0,10.26,0.019856677459750238,2.4005022,0.49345156510828403,0.7323458869624123,False
0,0.538,5.834,21.0,8.47,0.019003257267090366,2.4202468,0.4869775044907406,0.7274578983741317,True
0,0.538,5.935,21.0,6.58,0.019332247494031767,2.4202468,0.719755031081429,0.7274578983741317,False
0,0.538,5.99,21.0,14.67,0.01951140058791075,2.2907502,0.5789701354975461,0.76075999923924,False
0,0.538,5.456,21.0,11.69,0.017771986912794833,2.042517,0.5892910882451725,0.833941415615553,False
0,0.538,5.727,21.0,11.28,0.01865472306627126,2.042517,0.5456907110920701,0.833941415615553,True
0,0.538,5.57,21.0,21.02,0.018143322416471264,2.0432702000000003,0.8117254554853013,0.833698076241689,False
0,0.538,5.965,21.0,13.83,0.0194299673634203,2.1586174,0.6162877342628865,0.7980368293996768,False
0,0.538,6.142,21.0,18.72,0.020006514592812656,2.1395722000000004,0.8031085958282843,0.8037131547750607,False
0,0.538,5.813,21.0,19.88,0.018934853358518394,2.2032176000000003,0.687345382632109,0.7850525985241011,False
0,0.538,5.924,21.0,16.3,0.019296416875255972,2.3669848000000004,0.5597643483283525,0.7407956144899621,False
0,0.538,5.599,21.0,16.51,0.01823778495688018,2.3965748000000002,0.6100590068254428,0.7333260000733326,False
0,0.538,5.813,21.0,14.81,0.018934853358518394,2.5189160000000004,0.5139666854625483,0.7039774727208729,False
0,0.538,6.047,21.0,17.28,0.019697068339748963,2.3959292000000003,0.6707839777866772,0.7334873656801262,False
0,0.538,6.495,21.0,12.8,0.021156351722617747,2.3966286,0.5726673869182406,0.7333125561442426,False
0,0.538,6.674,21.0,11.98,0.021739413609969338,2.280582,0.6943714308596382,0.7635044855888529,False
0,0.538,5.713,21.0,22.6,0.01860912046055661,2.277354,0.7565021891227188,0.764379896808714,False
0,0.538,6.072,21.0,13.04,0.01977850156423941,2.24615,0.8564218244336657,0.7729468599033816,False
0,0.538,5.95,21.0,27.71,0.019381107428726035,2.1466200000000004,0.8704520079168976,0.8016032064128256,False
0,0.538,5.701,21.0,18.35,0.018570032512801198,2.0375136,0.7662675223101358,0.8355614973262031,False
0,0.538,6.096,21.0,20.34,0.019856677459750238,2.0227724,0.9604300978281597,0.8403714441783268,False
0,0.499,5.933,19.2,9.68,0.021265232898690922,1.6767897,0.06219515259296706,1.1467100887553607,True
0,0.499,5.841,19.2,11.41,0.020935483795930167,1.6855721,0.0929801947688742,1.1421000936522077,True
0,0.499,5.85,19.2,8.77,0.020967741860330673,1.9631658,0.07709066236456354,1.0133354951157227,False
0,0.499,5.966,19.2,10.13,0.021383512468159456,1.9198027,0.16131069988225027,1.0315020733191673,False
0,0.428,6.595,18.3,4.32,0.026170634816783195,2.3116708,0.02725518006645146,0.4686694474387215,False
0,0.428,7.024,18.3,1.98,0.02787301576240867,2.3116708,0.03303817907679737,0.4686694474387215,False
0,0.448,6.77,17.9,4.84,0.02905579386671333,2.5629632,0.11994957590111856,0.4463687898942106,False
0,0.448,6.169,17.9,5.81,0.02647639473615281,2.5629632,0.13234318698771316,0.4463687898942106,False
0,0.448,6.211,17.9,7.44,0.02665665224610879,2.5629632,0.14786812872457536,0.4463687898942106,False
0,0.448,6.069,17.9,9.55,0.02604721018863858,2.5629632,0.11572759134397041,0.4463687898942106,False
0,0.448,5.682,17.9,10.21,0.024386265989758515,2.2849792,0.15821668811495349,0.49177103140777656,False
0,0.448,5.786,17.9,14.15,0.02483261791917331,2.2849792,0.17257420533907458,0.49177103140777656,False
0,0.448,6.03,17.9,18.8,0.025879828215108036,2.5488512,0.20642049726093953,0.4484707148623195,False
0,0.448,5.399,17.9,30.81,0.023171673720293245,2.62976,0.2262347685752403,0.4366812227074236,False
0,0.448,5.602,17.9,16.2,0.024042918351747135,2.7272896,0.1986623163820069,0.42326847919635424,True
0,0.439,5.963,16.8,13.45,0.024539094549221832,2.9916533000000003,0.0850118793258392,0.5118558613894327,False
0,0.439,6.115,16.8,9.43,0.02516460894993988,2.9916533000000003,0.042455859036392395,0.5118558613894327,True
0,0.439,6.511,16.8,5.28,0.026794238572863217,2.9916533000000003,0.052212871446934234,0.5118558613894327,False
0,0.439,5.998,16.8,8.43,0.024683127470439804,2.9916533000000003,0.04860919541462225,0.5118558613894327,False
0,0.41,5.888,21.1,14.8,0.012554370975363814,3.001077,0.013508350024792243,0.36058992511749216,False
0,0.403,7.249,17.9,4.81,0.032075221097012295,3.5047298000000002,0.013024807722689456,0.5156446589526226,False
0,0.41,6.383,17.3,5.77,0.020392971180853127,3.7669159999999997,0.020341697657914562,0.19631709136597433,False
0,0.411,6.816,15.1,3.95,0.026624999895996093,3.4214928,0.0142184372375555,0.5362045298558682,False
0,0.453,6.145,19.7,6.86,0.02163732386747421,3.5401044,0.1436240400828755,0.9075645505286564,False
0,0.453,5.927,19.7,9.22,0.02086971823637423,3.1401960000000004,0.09828756118394519,1.0085728693898133,False
0,0.453,5.741,19.7,13.15,0.02021478866121553,3.2731062,0.13917046313797143,0.9725970773457825,True
0,0.453,5.966,19.7,14.44,0.021007042179552668,3.0887805000000004,0.15846422026338805,1.0232141715162755,False
0,0.453,6.456,19.7,6.73,0.02273239428615354,3.2731515000000004,0.1046032289886448,0.9725852531760987,True
0,0.453,6.762,19.7,9.5,0.023809859071092045,3.6153477,0.11911548089016208,0.8907793205580732,False
0,0.4161,7.104,18.6,8.05,0.032888888736625516,3.83764869,0.019322119714037033,0.2934588032750003,True
0,0.398,6.29,16.1,4.67,0.018664688371914873,2.631377,0.03521269175574247,0.525520593838271,False
0,0.398,5.787,16.1,10.24,0.01717210677397001,2.631377,0.042858319801900656,0.525520593838271,False
0,0.409,5.878,18.9,8.1,0.01703768111003571,2.657682,0.05627635827662477,0.5334755934915978,False
0,0.409,5.594,18.9,13.09,0.01621449270662466,2.657682,0.1271083087153749,0.5334755934915978,False
0,0.409,5.885,18.9,8.79,0.01705797096504936,2.657682,0.1205879869885934,0.5334755934915978,False
0,0.413,6.417,19.2,6.72,0.021039344193313624,2.1836549,0.08458009047306331,0.6362031396624942,False
0,0.413,5.961,19.2,9.88,0.01954426223100242,2.1836549,0.14735046784990224,0.6362031396624942,False
0,0.413,6.065,19.2,5.52,0.019885245836441818,2.1836549,0.08768115263983375,0.6362031396624942,False
0,0.413,6.245,19.2,7.54,0.020475409768933084,2.1836549,0.1784724919723239,0.6362031396624942,False
0,0.437,6.273,18.7,6.78,0.015761306493062042,1.8579055,0.0759976142264651,0.9521089212605922,False
0,0.437,6.286,18.7,8.94,0.01579396980956289,1.9676362,0.09086394630511974,0.9086613600843237,False
0,0.437,6.279,18.7,11.97,0.01577638186990859,1.7708114,0.09670012247721364,0.9896678674636792,True
0,0.437,6.14,18.7,10.27,0.015427135639630312,1.7875484999999998,0.08348600348975033,0.9822217856792065,False
0,0.437,6.232,18.7,12.34,0.015658291417943993,2.1911617,0.054923696495899246,0.8313795912937929,True
0,0.437,5.874,18.7,9.1,0.014758793932766849,1.9676362,0.08053796962647085,0.9086613600843237,False
0,0.426,6.727,19.0,5.29,0.023939501694165477,2.3006982,0.04030666175913415,0.624931648100989,False
0,0.426,6.619,19.0,7.22,0.02355516005852256,2.3006982,0.043653182921403064,0.624931648100989,True
0,0.426,6.302,19.0,6.72,0.022427046183533642,2.3006982,0.03593647980430558,0.624931648100989,False
0,0.426,6.167,19.0,7.51,0.02194661913898,2.3006982,0.03489405897732069,0.624931648100989,False
0,0.449,6.389,18.5,9.62,0.025866396656411352,2.1459506,0.04935191112196916,0.5190850261272797,False
0,0.449,6.63,18.5,6.53,0.026842105154485405,1.9925273000000003,0.055765777905857246,0.5517038453758022,True
0,0.449,6.015,18.5,12.86,0.024352226622055762,1.9878128000000002,0.050579039368154076,0.5527712264150944,False
0,0.449,6.121,18.5,8.44,0.024781376417889165,1.6826724,0.06906886859909778,0.631898222259668,True
0,0.489,7.007,17.8,5.5,0.02595185175573388,1.6732113,0.0550562057480784,0.45231472058258143,False
0,0.489,7.079,17.8,5.7,0.026218518421412894,1.6696905,0.0516622263237937,0.4530524408200249,True
0,0.489,6.417,17.8,8.81,0.023766666578641977,1.5121346999999998,0.0457761026365836,0.48872272316301346,True
0,0.489,6.405,17.8,8.2,0.02372222213436214,1.5120368999999998,0.038566653148816674,0.4887466093203978,True
0,0.464,6.442,18.2,8.16,0.023859259170891635,1.7009776,0.0411707337036766,0.8572836966072996,True
0,0.464,6.211,18.2,6.21,0.023003703618504803,1.7009776,0.028344473009142515,0.8572836966072996,False
0,0.464,6.249,18.2,10.59,0.02314444435872428,1.6773600000000002,0.042043647997679325,0.866738894907909,True
0,0.445,6.625,18.0,6.65,0.02400362310143615,1.555364,0.1151484570889221,0.4449190247374977,True
0,0.445,6.163,18.0,11.34,0.02232971006402279,1.555364,0.10889027870807165,0.4449190247374977,True
0,0.445,8.069,18.0,4.21,0.029235507140451065,1.555364,0.11406948227773037,0.4449190247374977,True
0,0.445,7.82,18.0,3.57,0.02833333323067633,1.555364,0.0786910253316489,0.4449190247374977,False
0,0.445,7.416,18.0,6.19,0.026869565120037808,1.555364,0.06634938054153391,0.4449190247374977,True
0,0.52,6.727,20.9,9.42,0.01751822912104628,1.4444560000000002,0.13859604559025773,1.3235216263433744,True
0,0.52,6.781,20.9,7.67,0.017658854120680068,1.4851720000000002,0.10824435339763891,1.2966468711911,True
0,0.52,6.405,20.9,10.63,0.016679687456563314,1.4116440000000001,0.20600553079810677,1.3460037149702533,False
0,0.52,6.137,20.9,13.44,0.015981770791714138,1.4116440000000001,0.19195005368591092,1.3460037149702533,False
0,0.52,6.167,20.9,12.33,0.016059895791510688,1.25892,0.1306773236416162,1.4615609470914939,False
0,0.52,5.851,20.9,16.47,0.015236979126987033,1.095588,0.12453353302656034,1.6093211883227654,False
0,0.52,5.836,20.9,18.66,0.01519791662708876,1.1497199999999999,0.15802886422491005,1.5571473061351604,False
0,0.52,6.127,20.9,14.09,0.015955729125115288,1.103648,0.12325249529930257,1.6013323084806559,False
0,0.52,6.474,20.9,12.27,0.01685937495609538,1.2651080000000001,0.12046388341513765,1.4564945090157009,False
0,0.52,6.229,20.9,15.55,0.01622135412442356,1.323452,0.23398853135437195,1.4103974500014103,False
0,0.52,6.195,20.9,13.0,0.016132812457987467,1.4444560000000002,0.1024934094340411,1.3235216263433744,True
0,0.547,6.715,17.8,10.16,0.015543981445500043,1.4645925000000002,0.09607352474606409,1.6315431679129844,False
0,0.547,5.913,17.8,16.21,0.013687499968315973,1.2873098000000003,0.11626187928444467,1.7892288423689389,False
0,0.547,6.092,17.8,17.09,0.014101851819208675,1.3937560000000002,0.20058705560079912,1.6910935738444193,False
0,0.547,6.254,17.8,10.45,0.01447685181834062,1.2343055,0.13305252798715148,1.842468908337172,False
0,0.547,5.928,17.8,15.76,0.013722222190457819,1.3473157,0.15814839260023486,1.7325517599838296,False
0,0.547,6.176,17.8,12.04,0.014296296263203018,1.4933647000000003,0.12361488619930212,1.6085359641832657,True
0,0.547,6.021,17.8,10.3,0.013937499967737268,1.5028278,0.1406137533941644,1.60111010300475,False
0,0.547,5.872,17.8,15.37,0.013592592561128257,1.3551925,0.12273077538031704,1.7253774263120056,True
0,0.547,5.731,17.8,13.61,0.013266203672994898,1.5092824,0.13519500804868875,1.5960842732496276,True
0,0.581,5.87,19.1,14.37,0.031223404089237215,1.3117236999999997,0.06671427746220379,0.6139300733646438,True
0,0.581,6.004,19.1,14.27,0.03193617004289271,1.2766894,0.06919951680100443,0.6255082254331644,False
0,0.581,5.961,19.1,17.93,0.03170744663985401,1.2124888999999999,0.08891706002171539,0.6478991868865205,False
0,0.581,5.856,19.1,25.41,0.031148936004526936,1.1296963999999998,0.14009232257621806,0.6792555359326179,False
0,0.581,5.879,19.1,17.58,0.0312712764294081,1.1656602999999999,0.09393650947837956,0.6652696005056049,False
0,0.581,5.986,19.1,14.81,0.031840425362550925,1.1578749,0.15616579098344338,0.6682481873767918,False
0,0.581,5.613,19.1,27.26,0.02985638281991286,1.0209332,0.3273954526862417,0.7253735673872044,False
0,0.624,5.693,21.2,17.19,0.013027459924422287,1.1158992,0.23043689014167512,1.4345658645052541,False
0,0.624,6.431,21.2,15.39,0.014716247105912478,1.131,0.28173693509215314,1.4222222222222223,False
0,0.624,5.637,21.2,18.34,0.012899313471626284,1.2354576,0.6319364495150488,1.3423269237222726,False
0,0.624,6.458,21.2,12.6,0.014778032002796267,1.321944,0.29271438907980246,1.282667949334616,False
0,0.624,6.326,21.2,12.26,0.014475972506919971,1.417104,0.7852431092803437,1.2228676245796393,False
0,0.624,6.372,21.2,11.12,0.014581235664573831,1.4522975999999999,0.4637654622785885,1.2021398088597703,False
0,0.624,5.822,21.2,15.03,0.01332265443175594,1.5412176,0.2850435947287374,1.1527709732268943,False
0,0.624,5.757,21.2,17.31,0.013173913013332006,1.463904,0.6811606280137663,1.195457262402869,False
0,0.624,6.335,21.2,16.96,0.0144965674725479,1.3170768,0.44326173080273074,1.2858842061272382,False
0,0.624,5.942,21.2,16.9,0.013597253973461662,1.2273456,0.2796297392609525,1.3482085678654487,False
0,0.624,6.454,21.2,14.59,0.014768878684739407,1.1542752,0.3018290306776389,1.4036072706856622,False
0,0.624,5.857,21.2,21.32,0.013402745964753443,1.0412064,0.22298353851284425,1.498913287866297,False
0,0.624,6.151,21.2,18.46,0.01407551484193246,1.0412688,0.43471318246714963,1.498857121444898,False
0,0.624,6.174,21.2,24.16,0.014128146420759392,1.0058256,0.25533964953052657,1.5314521995482213,False
0,0.624,5.019,21.2,34.41,0.011485125831841818,0.8981856,0.9664666021758896,1.6397474788882511,False
1,0.871,5.403,14.7,26.82,0.013406947857550996,1.1511136000000002,1.4634984282783583,2.1536871123363195,False
0,0.871,5.468,14.7,26.42,0.013568238179731419,1.2296778,1.6287306058145095,2.0731403930674186,False
0,0.871,4.903,14.7,29.29,0.012166253071547757,1.1722789,1.3296552241970494,2.131378149111215,False
0,0.871,6.13,14.7,27.8,0.015210918076399706,1.2360361,1.2176804241557975,2.066884378487867,False
0,0.871,5.628,14.7,16.65,0.013965260511252455,1.3209586,1.1490043437281394,1.986807597552253,False
0,0.871,4.926,14.7,29.53,0.012223325031703909,1.2723568,1.2145031649491105,2.03185955786736,False
0,0.871,5.186,14.7,28.32,0.012868486320425592,1.3322816,1.2032695571055652,1.9765970904490826,False
0,0.871,5.597,14.7,21.45,0.013888337434520255,1.3288847000000001,1.317472010807663,1.9796492061606683,False
0,0.871,6.122,14.7,14.1,0.015191066959823654,1.409278,0.9770471097162658,1.9098548510313214,False
0,0.871,5.404,14.7,13.28,0.013409429247123005,1.3862835999999998,0.9148176474178114,1.9293100787158515,False
1,0.871,5.012,14.7,12.12,0.012436724534896464,1.4024842,0.754515055507092,1.9155620258983987,False
0,0.871,5.709,14.7,15.79,0.014166253066584979,1.4138072,1.1471421014887528,1.9060689234522723,False
1,0.871,6.129,14.7,15.12,0.0152084366868277,1.5237274,0.8812229832136547,1.8185785989670473,False
1,0.871,6.152,14.7,15.02,0.01526550864698385,1.5203305,1.5118272886363338,1.8211619012930251,False
0,0.871,5.272,14.7,16.14,0.01308188582361815,1.5124043999999999,1.2374114488766446,1.8272182429469377,False
0,0.605,6.943,14.7,4.59,0.01722828779844097,1.1357665,0.7991185096332698,1.737740242588538,False
0,0.605,6.066,14.7,6.43,0.015052109143791292,1.0631665000000001,0.8513638686748988,1.8133681500018135,False
0,0.871,6.51,14.7,7.39,0.01615384611376217,1.5380989,0.8858397717781171,1.80772985285079,False
1,0.605,6.25,14.7,5.5,0.015508684825040484,1.0880319999999999,0.8213029001101178,1.786735277301315,False
0,0.605,7.489,14.7,1.73,0.01858312650475651,1.1923945,0.9015262716731895,1.682991686021071,False
1,0.605,7.802,14.7,1.92,0.019359801440794536,1.2346235,1.0416079806003153,1.644358206991811,False
1,0.605,8.375,14.7,3.32,0.02078163766555425,1.30801,0.9238699369975489,1.5812776723592663,False
0,0.605,5.854,14.7,11.64,0.01452605455452592,1.4653100000000001,1.176301459715032,1.461133839859731,False
0,0.605,6.101,14.7,9.81,0.015138957778811519,1.381457,1.3671115417031166,1.5228117195589939,False
0,0.605,7.929,14.7,3.7,0.019674937916439362,1.2377695,1.1020031996922046,1.6415509373255852,False
0,0.605,5.877,14.7,12.14,0.014583126514682068,1.4676695,1.0297194121814917,1.4594705041011122,True
0,0.605,6.319,14.7,11.1,0.015679900705508933,1.2705,1.194043673248051,1.6129032258064515,False
0,0.605,6.402,14.7,11.32,0.01588585603998547,1.3688125,1.2382379898788045,1.532567049808429,False
0,0.605,5.875,14.7,14.43,0.014578163735538056,1.4676695,0.7918244127486899,1.4594705041011122,False
0,0.605,5.88,14.7,12.03,0.014590570683398087,1.4451635,1.1981257435340087,1.4754920766075486,False
0,0.51,5.572,16.6,14.69,0.018824324260728633,1.324011,0.13027359174921221,1.3903951503017158,False
0,0.51,6.416,16.6,9.04,0.021675675602447042,1.3496130000000002,0.08780939182440828,1.3712530510380385,False
0,0.51,5.859,16.6,9.64,0.019793918852047572,1.3779690000000002,0.08109138838488845,1.3506577703341527,True
0,0.51,6.546,16.6,5.33,0.022114864790152487,1.597473,0.06451352082506596,1.209979914333422,False
0,0.51,6.02,16.6,10.11,0.020337837769128925,1.812999,0.06786423481612996,1.0977189400425915,False
0,0.51,6.315,16.6,6.29,0.021334459387383584,1.691925,0.05282961364453219,1.1580775911986103,True
0,0.51,6.86,16.6,6.92,0.023175675597379475,1.4868029999999999,0.06430724439516707,1.2770413505989324,True
0,0.488,6.98,17.8,5.04,0.036165802921420714,1.380552,0.05619127964974249,0.7834943849569078,True
0,0.488,7.765,17.8,7.56,0.04023316041329968,1.3376080000000001,0.06380074905066188,0.8019246190858059,False
0,0.488,6.144,17.8,9.45,0.03183419672624769,1.2677752,0.06661137129850155,0.8338197281747686,True
0,0.488,7.155,17.8,4.82,0.037072538668017935,1.3178928,0.087122204181403,0.810679349294709,False
0,0.488,6.563,17.8,5.68,0.03400518117095761,1.389336,0.09538290443255225,0.7798284377436964,False
0,0.488,5.604,17.8,13.98,0.029036269279604822,1.4580951999999998,0.07980883417341514,0.7522756337922215,False
0,0.488,6.153,17.8,13.15,0.031880828850358395,1.6004936,0.058712206079331676,0.7009837138117158,True
0,0.488,7.831,17.8,4.45,0.040575129323444925,1.5612096,0.05450712449866107,0.7144217946275482,True
0,0.437,6.782,15.2,6.68,0.01704020096221055,1.6556182000000002,0.07580296341550065,1.044146514638934,False
0,0.437,6.556,15.2,4.56,0.016472361767657383,1.9956479,0.11848501143594592,0.8981982143819498,False
0,0.437,7.185,15.2,5.39,0.018052763773736772,1.9956479,0.08038111194681247,0.8981982143819498,False
0,0.437,6.951,15.2,5.1,0.017464824076721546,2.8316726,0.08680135493654227,0.6684670713120672,False
0,0.437,6.739,15.2,4.69,0.016932160761476984,2.8316726,0.06682652665553059,0.6684670713120672,False
0,0.437,7.178,15.2,2.87,0.018035175834082474,2.8316726,0.08309036653209825,0.6684670713120672,False
0,0.401,6.8,15.6,5.03,0.025660377261658953,2.4940596,0.021634282125149704,0.13851182891018893,False
0,0.401,6.604,15.6,4.38,0.02492075462294055,2.4940596,0.01428744660806955,0.13851182891018893,False
0,0.422,7.875,14.4,2.97,0.030882352820069205,2.3836247999999998,0.01371551088594122,0.6016485169364058,False
0,0.404,7.287,12.6,4.08,0.022148936102890773,2.9528360000000005,0.039326476790879826,0.24070285232880007,False
0,0.404,7.107,12.6,8.61,0.02160182364254765,2.9528360000000005,0.04560414180501583,0.24070285232880007,False
0,0.404,7.274,12.6,6.62,0.022109422425199324,2.9528360000000005,0.03698745205028059,0.24070285232880007,False
0,0.403,6.975,17.0,4.56,0.017350746225495657,3.0843202000000005,0.03101405352916946,0.34668454018073813,False
0,0.403,7.135,17.0,4.45,0.017748756174754337,3.0843202000000005,0.017623784753549428,0.34668454018073813,False
0,0.415,6.162,14.7,7.43,0.017706896500842253,2.6020499999999998,0.03386988450761521,0.27510316368638243,False
0,0.415,7.61,14.7,3.11,0.021867816029115472,2.6020499999999998,0.021536417530524612,0.27510316368638243,False
0,0.4161,7.853,14.7,3.81,0.035058035557776625,2.1295998000000003,0.03449804040756744,0.6538084341288002,False
0,0.4161,8.034,14.7,2.88,0.03586607126845504,2.1295998000000003,0.019890858697792765,0.6538084341288002,False
0,0.489,5.891,18.6,10.87,0.021267147937663725,1.9293006,0.12788297027984558,0.8088324503579085,False
0,0.489,6.326,18.6,10.97,0.022837545043907777,2.1295460999999998,0.20676210509846787,0.7469794020429887,True
0,0.489,5.783,18.6,18.06,0.020877256242320376,2.1295460999999998,0.22473428542556148,0.7469794020429887,True
1,0.489,6.064,18.6,14.66,0.02189169667187113,2.0729688,0.12739887713087172,0.7634753397465261,True
1,0.489,5.344,18.6,23.09,0.019292418702915457,1.8948749999999999,0.3616595003706892,0.8205128205128205,False
1,0.489,5.96,18.6,17.27,0.021516245409688644,1.8959019,0.1608084674913248,0.8201595210268396,False
1,0.489,5.404,18.6,23.98,0.01950902520032843,1.792185,0.31902084300745703,0.857449088960343,False
1,0.489,5.807,18.6,16.03,0.020963898841285564,1.7861214,0.19654492343019744,0.8597343420882948,True
0,0.489,6.375,18.6,9.38,0.023014440350128375,1.9293006,0.1314842987568961,0.8088324503579085,False
0,0.489,5.412,18.6,29.55,0.01953790606665016,1.7542875,0.2542933203064257,0.871934604904632,False
0,0.489,6.182,18.6,9.47,0.022317689450116647,1.9293006,0.18067019404472417,0.8088324503579085,False
1,0.55,5.888,16.4,13.51,0.021333333256038648,1.7116550000000001,0.04459088332787514,1.2159237372631988,True
0,0.55,6.642,16.4,9.69,0.024065217304111534,1.8816050000000002,0.0677801364209581,1.1309402637352695,False
1,0.55,5.951,16.4,17.92,0.02156159412477683,1.589115,0.10498144381917449,1.285578381713933,False
1,0.55,6.373,16.4,10.5,0.023090579626483407,1.8498150000000002,0.10818153284452815,1.1459216647949944,False
1,0.507,6.951,17.4,9.71,0.02264169373732347,1.4508819,0.3060793008727377,2.0716264857446203,False
1,0.507,6.164,17.4,21.46,0.020078175830364246,1.545336,0.34196427061286894,1.976284584980237,False
1,0.507,6.879,17.4,9.93,0.02240716605079099,1.6589547,0.4846212690691169,1.8726153414011844,True
0,0.507,6.618,17.4,7.6,0.021557003187110742,1.6589547,0.47914918090543834,1.8726153414011844,False
0,0.504,8.266,17.4,4.14,0.026925081345520907,1.4587776000000001,0.2740875847172427,2.0542317173377156,True
0,0.504,8.725,17.4,4.63,0.028420195347165486,1.4587776000000001,0.4232591836664219,2.0542317173377156,False
0,0.504,8.04,17.4,3.13,0.026188924996127277,1.6207128,0.32363302267493305,1.8976682401499159,False
0,0.504,7.163,17.4,6.36,0.023332247481002454,1.6207128,0.34527622467730223,1.8976682401499159,True
0,0.504,7.686,17.4,3.92,0.02503583053734257,1.7010504000000002,0.26097098661421536,1.8285296336083747,False
0,0.504,6.552,17.4,3.76,0.02134201947445596,1.7010504000000002,0.36587846134267826,1.8285296336083747,False
0,0.504,5.981,17.4,11.65,0.019482084627094186,1.850436,0.42983246455645885,1.712512041100289,True
0,0.504,7.412,17.4,5.25,0.024143322396927288,1.850436,0.38046178058424046,1.712512041100289,True
0,0.507,8.337,17.4,2.47,0.02715635170307377,1.9460688,0.45443938231243075,1.6534391534391535,True
0,0.507,8.247,17.4,3.95,0.02686319209490817,1.8515133,0.2862835950379259,1.7197274232034225,True
1,0.507,6.726,17.4,8.05,0.021908794716909465,1.8515133,0.37012113733570884,1.7197274232034225,True
0,0.507,6.086,17.4,10.88,0.01982410416995406,1.8515133,0.28551723087226977,1.7197274232034225,True
1,0.507,6.631,17.4,9.54,0.02159934846384577,2.103036,0.41909184102282127,1.5540015540015542,True
0,0.507,7.358,17.4,4.73,0.023967426632027927,2.103036,0.4133208375737469,1.5540015540015542,True
0,0.428,6.481,16.6,6.36,0.021603333261322223,2.6492771999999998,0.07921775210662887,0.8345039569395959,False
0,0.428,6.606,16.6,7.37,0.0220199999266,2.6492771999999998,0.08848695445619936,0.8345039569395959,False
0,0.428,6.897,16.6,11.38,0.02298999992336667,2.7118508,0.10731959540732398,0.8178732569076212,True
0,0.428,6.095,16.6,12.4,0.020316666598944443,2.7118508,0.10085839631038275,0.8178732569076212,True
0,0.428,6.358,16.6,11.22,0.02119333326268889,3.0111939999999997,0.09794307432996419,0.746686578308755,True
0,0.428,6.393,16.6,5.19,0.021309999928966667,3.0111939999999997,0.12006487472475483,0.746686578308755,False
0,0.431,5.593,19.1,12.5,0.016948484797125803,3.4285619,0.18737543109663357,0.7816949379669231,True
0,0.431,5.605,19.1,18.46,0.01698484843337925,3.4285619,0.17507033007976175,0.7816949379669231,True
0,0.431,6.108,19.1,9.16,0.018509090853002754,3.4719205,0.2925427402430482,0.7730108773673458,False
0,0.431,6.226,19.1,10.15,0.018866666609494948,3.4719205,0.1794591306249127,0.7730108773673458,True
0,0.431,6.433,19.1,9.52,0.01949393933486685,3.3732215,0.1521973447384029,0.7930663343341076,False
0,0.431,6.718,19.1,6.56,0.020357575695886133,3.3732215,0.17456656442088753,0.7930663343341076,False
0,0.431,6.487,19.1,5.9,0.019657575698007346,3.1879777,0.1312913856811757,0.8336608429502067,False
0,0.431,6.438,19.1,3.59,0.01950909084997245,3.1879777,0.19399482498004605,0.8336608429502067,False
0,0.431,6.957,19.1,3.53,0.021081818117933884,3.8387877,0.07900524661995387,0.7065925081005784,False
0,0.431,8.259,19.1,3.54,0.02502727265143251,3.8387877,0.31403671773445885,0.7065925081005784,False
0,0.392,6.108,16.4,6.57,0.019390476128919122,3.6143576,0.04706486717633035,0.09784448597399294,False
0,0.392,5.876,16.4,9.25,0.018653968194749307,3.6143576,0.034865087326079396,0.09784448597399294,False
0,0.394,7.454,15.9,3.11,0.030549180202667295,2.4964234000000003,0.01526292666591237,0.4089366284538106,False
0,0.647,8.704,13.0,5.12,0.032969696844811755,1.165247,0.47719024356009226,1.7850767583006069,False
0,0.647,7.333,13.0,7.79,0.02777651504630108,1.2258062,0.5089298278800272,1.7273543840254266,False
0,0.647,6.842,13.0,6.9,0.025916666568497473,1.3009229,0.5047974910276488,1.6607433487228884,False
0,0.647,7.203,13.0,9.59,0.02728409080574208,1.3665287,0.4318538424460674,1.6066321776292536,False
0,0.647,7.52,13.0,7.26,0.02848484837695133,1.3844506,0.42795692674339125,1.5924581183514872,False
0,0.647,8.398,13.0,5.91,0.03181060594011134,1.4806595,0.4188024358799136,1.5204500532157519,False
0,0.647,7.327,13.0,11.25,0.027753787773659895,1.3449836000000002,0.6017224426405978,1.6240093542938807,False
0,0.647,7.206,13.0,8.1,0.027295454442062675,1.2487747,0.4383000912017374,1.7064264018292892,False
0,0.647,5.56,13.0,10.45,0.021060605980831038,1.2852655,0.5662338402369981,1.6742005692281936,True
0,0.647,7.014,13.0,14.79,0.026568181717544766,1.3799862999999999,0.579810495220942,1.5959653994701395,False
0,0.575,8.297,13.0,7.44,0.03142803018398474,1.39242,0.4563736618258477,1.4613046527940143,True
0,0.575,7.47,13.0,3.16,0.028295454438274793,1.6513999999999998,0.43210703905458553,1.2913223140495869,True
1,0.464,5.92,18.6,13.65,0.026547085082748497,1.81772,0.08677384878203848,0.6100660904931368,True
0,0.464,5.856,18.6,13.0,0.026260089568340406,2.0550560000000004,0.26171790177397086,0.5525879535826119,False
0,0.464,6.24,18.6,6.59,0.027982062654788958,2.0550560000000004,0.1502373183211034,0.5525879535826119,False
0,0.464,6.538,18.6,7.73,0.029318385518751634,1.81772,0.10849559615329893,0.6100660904931368,True
1,0.464,7.691,18.6,6.58,0.03448878908300992,2.026056,0.2003906562548323,0.559023572160626,True
1,0.447,6.758,17.6,3.53,0.026606299107849216,1.8226872000000003,0.05490476516928596,0.7877737513786041,False
0,0.447,6.854,17.6,2.98,0.026984251862266724,1.9074830999999999,0.09170368421021316,0.7594023503502744,False
1,0.447,7.267,17.6,6.05,0.02861023610783372,2.1398784,0.09956475262374566,0.6911805363560962,False
1,0.447,6.826,17.6,4.16,0.026874015642228282,2.1736716,0.059466304166666525,0.6822678583611926,False
0,0.447,6.482,17.6,7.19,0.02551968493889888,1.8507141,0.07675731668200717,0.7781646985584499,False
0,0.4429,6.812,14.9,4.85,0.03153703689103224,1.81620003,0.19093435989217727,0.9802576117003549,False
0,0.4429,7.82,14.9,3.76,0.036203703536093965,2.0792826300000002,0.035154766074375454,0.8780093771401478,True
0,0.4429,6.968,14.9,4.59,0.032259259109910836,2.3228776300000002,0.0363801440927505,0.8006789757714542,False
1,0.4429,7.645,14.9,3.01,0.035393518354659634,2.30835051,0.05948514933476599,0.804906711312159,False
1,0.401,7.923,13.6,3.16,0.04001515131305479,2.3598850000000002,0.014898464661966655,0.14524328249818447,False
0,0.4,7.088,15.3,7.85,0.024870175351332718,2.92292,0.00901920442015993,0.12037605479518015,False
0,0.389,6.453,15.3,8.23,0.0215099999283,2.8425397,0.010900374468288251,0.12037605479518015,False
0,0.385,6.23,18.2,12.93,0.025850622299375015,3.499342,0.01945943115621908,0.09911588629425525,False
0,0.405,6.209,16.6,7.14,0.021191126207538817,2.963466,0.03797955862417436,0.7213966238638003,False
0,0.405,6.315,16.6,7.6,0.021552900950331397,2.963466,0.04487775877808546,0.7213966238638003,False
0,0.405,6.565,16.6,9.51,0.02240614326823842,2.963466,0.04207241242184151,0.7213966238638003,False
0,0.411,6.861,19.2,3.33,0.028004081518350685,2.1029636999999997,0.03442075020213025,0.6539473899324799,False
0,0.411,7.148,19.2,3.56,0.029175510084997917,2.1029636999999997,0.07590492808946425,0.6539473899324799,False
0,0.411,6.63,19.2,4.7,0.02706122437934194,2.1029636999999997,0.03551192100135956,0.6539473899324799,False
0,0.437,6.127,16.0,8.58,0.021200691968163696,2.4046799,0.07941173942416167,0.6151291002199086,False
0,0.437,6.009,16.0,10.4,0.020792387471306618,2.4046799,0.07880193823740345,0.6151291002199086,False
0,0.437,6.678,16.0,6.27,0.02310726635603022,2.6046948,0.12161568167655973,0.5746796161140164,False
0,0.437,6.549,16.0,7.39,0.022660899575567824,2.6046948,0.052326760177767426,0.5746796161140164,True
0,0.437,5.79,16.0,15.84,0.020034602006800687,2.7618400000000003,0.13193136325997015,0.5464480874316939,True
0,0.4,6.345,14.8,4.97,0.017723463637643957,3.13112,0.06265549936434228,0.5663925326808491,False
0,0.4,7.041,14.8,4.74,0.019667597710425706,3.13112,0.054118798887496024,0.5663925326808491,False
0,0.4,6.871,14.8,6.07,0.0191927373765566,3.13112,0.04322231145326899,0.5663925326808491,False
0,0.433,6.59,16.1,9.5,0.020030395075895456,2.3779060999999997,0.034758850756454886,1.078299983055286,False
0,0.433,6.495,16.1,8.67,0.01974164127738103,2.3779060999999997,0.0886150903536463,1.078299983055286,False
0,0.433,6.982,16.1,4.86,0.021221884433976036,2.3779060999999997,0.09531017980432487,1.078299983055286,False
0,0.472,7.236,18.4,6.93,0.032594594447772095,1.898384,0.05368293691618483,1.3938669852648347,False
0,0.472,6.616,18.4,8.93,0.02980180166755945,1.59064,0.053341694981823305,1.6018306636155606,True
0,0.472,7.42,18.4,6.47,0.033423423272867465,1.4628224,0.07234856816697788,1.7076502732240437,True
0,0.472,6.849,18.4,7.53,0.030851351212381303,1.5022343999999999,0.04814233532601415,1.6735601405790517,True
0,0.544,6.635,18.4,4.54,0.021825657822941914,1.80472,0.4007741226200408,0.9264620729588883,False
0,0.544,5.972,18.4,9.97,0.01964473677748442,1.6877600000000001,0.29966004921118794,0.9750152346130408,True
0,0.544,4.973,18.4,12.64,0.01635855257776792,1.3705536,1.290741151786282,1.1365573677331362,False
0,0.544,6.122,18.4,5.98,0.020138157828492903,1.4363232000000001,0.582444643903983,1.0988105375930555,True
0,0.544,6.023,18.4,11.72,0.019812499934827303,1.5416960000000002,0.2324520921057716,1.0432968179447053,False
0,0.544,6.266,18.4,7.9,0.020611842037461046,1.7749632000000002,0.2385285922910863,0.9383503800319039,False
0,0.544,6.567,18.4,9.28,0.021601973613151405,1.9596512000000001,0.3142266276738932,0.8691306520652717,False
0,0.544,5.705,18.4,11.5,0.01876644730668932,2.14608,0.22598750344594104,0.8088978766430738,True
0,0.544,5.914,18.4,18.33,0.019453947304427805,2.1752384000000005,0.2763202709424078,0.8002240627375665,False
0,0.544,5.782,18.4,15.94,0.01901973677954034,2.1932448,0.21931222113316776,0.7949599538923227,True
0,0.544,6.382,18.4,10.36,0.020993420983574273,1.9216800000000003,0.3379140538458848,0.8825151682294539,True
0,0.544,6.113,18.4,12.73,0.020108552565432394,2.1770336,0.3889765831033406,0.7996961154761191,True
0,0.493,6.426,19.6,7.2,0.022390243824424238,2.2384171999999998,0.15495035999782264,0.9024619161071403,True
0,0.493,6.376,19.6,6.87,0.022216027797156698,2.2384171999999998,0.1668609890983406,0.9024619161071403,True
0,0.493,6.041,19.6,7.7,0.02104878041446418,2.3275023,0.3009486805521662,0.8739578053171593,False
0,0.493,5.708,19.6,11.74,0.019888501672862366,2.3275023,0.2499178980307637,0.8739578053171593,True
0,0.493,6.415,19.6,6.12,0.022351916298425378,2.3275023,0.29348271614145116,0.8739578053171593,False
0,0.493,6.431,19.6,5.08,0.022407665427150992,2.6700386999999997,0.17551511208097656,0.7793138920494397,False
0,0.493,6.312,19.6,6.15,0.021993031282254247,2.6700386999999997,0.2650299391668473,0.7793138920494397,False
0,0.493,6.083,19.6,12.79,0.021195121877368914,2.6700386999999997,0.21594167998346536,0.7793138920494397,False
0,0.46,5.868,16.9,9.97,0.013646511596170904,2.398716,0.06407278770058891,0.6436456087278345,False
0,0.46,6.333,16.9,7.34,0.01472790694249324,2.398716,0.06507587673618768,0.6436456087278345,False
0,0.46,6.144,16.9,9.09,0.014288372059794484,2.701856,0.04443784943056829,0.5819366852886406,False
0,0.4379,5.706,16.9,12.43,0.01876973678036271,2.90796253,0.049009187801052775,0.13087806091064955,False
0,0.4379,6.031,16.9,7.83,0.01983881572421442,2.90796253,0.03407287033313542,0.13087806091064955,False
0,0.515,6.316,20.2,5.68,0.028196428445551657,3.326076,0.049580328098150495,0.6703850691837391,False
0,0.515,6.31,20.2,6.75,0.028169642731385523,3.326076,0.03669830378267371,0.6703850691837391,False
0,0.515,6.037,20.2,8.01,0.02695089273682637,3.0824295,0.038845642823198225,0.7157888709146351,False
0,0.515,5.869,20.2,9.8,0.026200892740174585,2.6940165,0.03369586385672553,0.8024265378504598,False
0,0.515,5.895,20.2,10.56,0.026316964168227836,2.891725,0.029956781289803308,0.7558578987150415,True
0,0.515,6.059,20.2,8.51,0.0270491070221022,2.478283,0.032525271703396835,0.8602594542514023,False
0,0.515,5.985,20.2,9.74,0.02671874988071987,2.478283,0.053512330504761216,0.8602594542514023,False
0,0.515,5.968,20.2,9.29,0.026642857023915816,2.478283,0.05969242274798216,0.8602594542514023,True
0,0.442,7.241,15.5,5.49,0.025496478783463103,3.1107518,0.012926096886133677,0.12441060475994974,False
0,0.518,6.54,15.9,8.65,0.015497630295029312,3.2462542,0.024673100204884193,0.1376102602210021,True
0,0.484,6.696,17.6,7.18,0.018097297248385682,2.7743363999999997,0.025112036814854837,0.7427102984209979,True
0,0.484,6.874,17.6,4.61,0.018578378328166546,3.1292535999999997,0.03003441727412102,0.6697564765451282,False
0,0.442,6.014,18.8,10.53,0.017085227224189696,3.5420112,0.030655288259616865,0.3328303896334428,False
0,0.442,5.898,18.8,12.67,0.016755681770580448,3.5420112,0.05979604334596572,0.3328303896334428,True
0,0.429,6.516,17.9,6.36,0.018564102511213383,3.6616436999999995,0.018527304613883622,0.4194938806330163,False
0,0.435,6.635,17.0,5.99,0.023696428486798468,3.6296399999999998,0.014898464661966655,0.42808219178082196,False
0,0.429,6.939,19.7,5.89,0.020713432773989755,3.7718108999999997,0.028577738631707324,0.10212314008231126,False
0,0.429,6.49,19.7,5.98,0.019373134270527958,3.7718108999999997,0.06025749561032605,0.10212314008231126,False
0,0.411,6.579,18.3,5.49,0.01600729923112579,4.4019333,0.076497970972725,0.34157963502216,False
0,0.411,5.884,18.3,7.79,0.014316301668330167,4.4019333,0.06993642619916388,0.34157963502216,False
0,0.41,6.728,17.0,4.5,0.03597860943326947,4.971864999999999,0.016945608726141724,0.38090884851255097,False
0,0.413,5.663,22.0,8.05,0.01695508976959554,4.3718941,0.042110763700381956,0.3452532000655981,False
0,0.413,5.936,22.0,5.57,0.017772455036609416,4.3718941,0.10128321475208404,0.3452532000655981,False
1,0.77,6.212,20.2,17.6,0.009327327313322331,1.634094,2.3008796395346813,7.686887451156236,False
1,0.77,6.395,20.2,13.27,0.009602102087684531,1.929004,1.578916847366148,6.846970215679562,False
1,0.77,6.127,20.2,11.48,0.009199699685886336,2.096479,1.8248347351792473,6.446933677169796,False
0,0.77,6.112,20.2,12.67,0.009177177163397632,1.932007,1.6603800451716153,6.839360519791399,False
0,0.77,6.398,20.2,7.79,0.009606606592182272,1.9390140000000002,1.7123410111146562,6.821670172247171,False
0,0.77,6.251,20.2,14.19,0.009385885871792964,1.767535,1.5762616149393935,7.282658170232135,False
0,0.77,5.362,20.2,10.19,0.008051051038962385,1.6197720000000002,1.5429176957008952,7.7329552777419766,False
1,0.77,5.803,20.2,14.64,0.00871321320013031,1.4666190000000001,1.6529551515173315,8.262471167418322,False
1,0.718,8.78,20.2,5.29,0.013183183163388613,1.3675746,1.4983454449272653,8.262471167418322,False
0,0.718,3.561,20.2,7.12,0.005346846838818548,1.1582776,1.714855026490207,9.184142048063677,False
0,0.718,4.963,20.2,14.0,0.007451951940762835,1.2581514,1.5469133618955864,8.71997965338081,False
0,0.631,3.863,20.2,13.33,0.0058003002915911405,0.9531885999999999,2.675678513070904,9.559467856289332,False
0,0.631,4.97,20.2,3.26,0.007462462451257564,0.8408075,1.7746506104773532,10.289389067524116,False
1,0.631,6.683,20.2,3.73,0.010034534519467666,0.8560777,1.8976168614222872,10.183731488946409,False
1,0.631,7.016,20.2,2.96,0.010534534518716915,0.7587143999999999,2.020057712262034,10.897203051216854,False
0,0.631,6.216,20.2,9.53,0.00933333331931932,0.7377021,2.3255493836278043,11.064496795906136,False
1,0.668,5.875,20.2,8.88,0.008821321308076094,0.7545728,2.226486679687524,11.269722013523667,False
0,0.668,4.906,20.2,34.77,0.007366366355305755,0.7843656,2.4938746501276796,11.038542912335572,False
0,0.668,4.138,20.2,37.97,0.0062132132038840646,0.7595160000000001,2.970322153616776,11.230697239120262,False
0,0.671,7.313,20.2,13.44,0.010980480463993272,0.8832373000000001,3.0257327258266167,10.361352156456418,False
0,0.671,6.649,20.2,23.24,0.009983483468493268,0.9024279000000001,2.7904286403681122,10.23497803744296,False
0,0.671,6.794,20.2,21.24,0.010201201185884082,0.9112180000000001,2.381718772241792,10.178117048346056,False
0,0.671,6.38,20.2,23.69,0.009579579565195827,0.9300731000000001,3.204703875510067,10.058254054733666,False
0,0.671,6.223,20.2,21.78,0.009343843829814048,0.9300731000000001,2.937398463323919,10.058254054733666,False
0,0.671,6.968,20.2,17.21,0.010462462446753059,0.9504715000000001,4.4995451909142234,9.931719428926133,False
0,0.671,6.545,20.2,21.08,0.00982732731257158,1.0193832,2.825797680570924,9.526833915528739,False
0,0.7,5.536,20.2,23.6,0.008312312299831362,1.10628,2.321114360892544,9.300883583940474,False
0,0.7,5.52,20.2,24.56,0.00828828827584341,1.07317,2.19638867250955,9.474556867079862,False
0,0.7,4.368,20.2,30.63,0.0065585585487108735,1.00765,3.04855714447919,9.838081574093053,False
0,0.7,5.277,20.2,30.81,0.007923423411526392,0.9982699999999999,2.879861159011059,9.892419933226165,False
0,0.7,4.652,20.2,28.28,0.00698498497449702,1.02704,3.2345050497403935,9.727626459143968,False
0,0.7,5.0,20.2,31.99,0.007507507496234974,1.0628799999999998,3.1611238231251,9.529860228716647,False
0,0.7,4.88,20.2,30.62,0.007327327316325335,1.11265,2.730053020578551,9.268198493917744,False
0,0.7,5.39,20.2,20.85,0.008093093080941301,1.2096699999999998,2.213944025142987,8.797331476118911,False
0,0.7,5.713,20.2,17.11,0.00857807806519808,1.34855,2.0746990638882306,8.200922603792927,False
0,0.7,6.051,20.2,18.76,0.009085585571943566,1.51746,1.8394458498493202,7.57623587347686,False
0,0.7,5.036,20.2,25.68,0.007561561550207865,1.2389999999999999,2.531941305700138,8.664259927797834,False
0,0.693,6.193,20.2,15.17,0.009298798784836637,1.2413016,2.266414762688843,8.598452278589853,False
0,0.693,5.887,20.2,16.35,0.008839339326067057,1.2349953,2.6644326359464867,8.626577046116244,False
0,0.693,6.471,20.2,17.12,0.009716216201627303,1.1959100999999999,2.273851200420946,8.805077594746304,False
0,0.693,6.405,20.2,19.37,0.009617117102677002,1.1620224,1.9274624605576969,8.965929468021518,False
0,0.693,5.747,20.2,19.92,0.008629129116172479,1.1319461999999998,2.160101750967694,9.113693324219641,False
0,0.693,5.453,20.2,30.59,0.008187687675393863,1.0322928,3.672541717146316,9.640102827763496,False
0,0.693,5.852,20.2,29.97,0.008786786773593415,1.0397771999999998,2.390279986333144,9.598464245720685,True
0,0.693,5.987,20.2,26.77,0.008989489475991758,1.1010384,3.2598680448992714,9.27070457354759,False
0,0.693,6.343,20.2,20.32,0.009524024009723688,1.0908513,2.7236741753351374,9.323647099957267,False
0,0.693,6.404,20.2,20.31,0.009615615601177754,1.135827,2.360449202216868,9.094353921940128,False
0,0.693,5.349,20.2,19.77,0.008031531519472175,1.1800404,3.250440381229692,8.879680331508066,False
0,0.693,5.531,20.2,27.38,0.008304804792335127,1.1139282,3.7501908988370403,9.204571603896602,False
0,0.693,5.683,20.2,22.98,0.008533033020220671,0.9878022,4.232958019253417,9.895275006184548,False
0,0.659,4.138,20.2,23.34,0.0062132132038840646,0.7763679,3.0780585258000213,11.018777833891926,False
0,0.659,5.608,20.2,12.13,0.008420420407777147,0.8469468,2.5611807266231144,10.50236303168213,False
0,0.597,5.617,20.2,26.4,0.00843393392127037,0.8684559000000001,2.1286946938918567,9.777162178677639,False
0,0.597,6.852,20.2,19.78,0.010288288272840408,0.8749035,2.736851434907838,9.734333806530115,False
0,0.597,5.757,20.2,10.11,0.008644144131164948,0.843561,3.9538518529018067,9.946125155408204,False
0,0.597,6.657,20.2,21.22,0.009995495480487244,0.9119175,2.7114245017411593,9.495548961424333,False
0,0.597,4.628,20.2,34.37,0.006948948938515092,0.9276783,2.9862373389921895,9.397392223657935,False
0,0.597,5.155,20.2,20.08,0.007740240228618259,0.9488717999999999,3.3896577218278483,9.268556422337221,False
0,0.693,4.519,20.2,36.98,0.006785285275097169,1.1491326,3.844730829794956,9.028666014596343,False
0,0.679,6.434,20.2,29.05,0.009660660646155164,1.2457613,2.9488817271093315,8.466504391999154,False
0,0.679,6.782,20.2,25.79,0.010183183167893118,1.2354405,2.4709936445680034,8.512147543890762,False
0,0.679,5.304,20.2,26.64,0.00796396395200606,1.1186525,3.293634442449129,9.06515580736544,False
0,0.679,5.957,20.2,20.62,0.008944444431014347,1.2239654,4.3112567387853336,8.563476771569258,False
0,0.718,6.824,20.2,22.74,0.010246246230861492,1.288092,2.5504056470206957,8.589835361488905,True
0,0.718,6.411,20.2,15.02,0.009626126111672482,1.3346902,2.492163587735884,8.39483717513729,False
0,0.718,6.006,20.2,15.7,0.00901801800447745,1.3459628,2.0822613123870632,8.348987685243165,False
0,0.614,5.648,20.2,14.1,0.008480480467747025,1.1980368,2.5686501932208596,8.13228517213337,False
0,0.614,6.103,20.2,23.29,0.009163663649904409,1.2413851999999999,2.085724263982504,7.9422860546694025,False
0,0.584,5.565,20.2,17.16,0.008355855843309527,1.2050839999999998,2.2815779805968406,7.834176595397421,True
0,0.679,5.896,20.2,24.39,0.00885285283956028,1.2966184,2.8249617460097114,8.248556502612042,False
0,0.584,5.837,20.2,15.69,0.008764264251104707,1.1665984,2.5837862093461372,8.00640512409928,True
0,0.679,6.202,20.2,14.52,0.009312312298329862,1.2649091000000001,3.6548546189770925,8.383108037304831,True
0,0.679,6.193,20.2,21.52,0.009298798784836637,1.3142724000000001,2.1243085441136205,8.175500749420902,True
0,0.679,6.38,20.2,24.08,0.009579579565195827,1.3364078000000001,2.335912513221137,8.085708510208207,False
0,0.584,6.348,20.2,17.64,0.009531531517219922,1.1987768,2.2504630342235155,7.861892750679726,False
0,0.584,6.833,20.2,19.69,0.010259759744354715,1.2195088,2.4035429310745737,7.771517388770158,False
0,0.584,6.425,20.2,12.03,0.00964714713266194,1.2850336,2.0074150555763612,7.499062617172853,True
0,0.713,6.436,20.2,16.22,0.009663663649153657,1.6511653999999998,1.8841973460987684,7.238072260088064,False
0,0.713,6.208,20.2,15.17,0.009321321307325344,1.5844285999999999,2.7022601376565687,7.448327229842964,False
0,0.74,6.629,20.2,23.27,0.009953453438508328,1.5722779999999998,2.498184770733843,7.680737350785676,False
0,0.74,6.461,20.2,18.05,0.009701201186634834,1.481924,2.7357172474638767,7.993072670352361,False
0,0.74,6.152,20.2,26.45,0.009237237223367513,1.4165079999999999,2.7836028435028815,8.235536339304097,False
0,0.74,5.935,20.2,34.02,0.008911411398030913,1.3472439999999999,2.6863565870169546,8.508827908955542,False
0,0.74,5.627,20.2,22.88,0.00844894893626284,1.344728,2.340904438499074,8.519096975720574,False
0,0.74,5.818,20.2,22.11,0.008735735722619015,1.380988,3.137713490646716,8.373456144023445,False
0,0.74,6.406,20.2,19.52,0.009618618604176248,1.5281740000000001,2.372501005014648,7.830087109719095,False
0,0.74,6.219,20.2,16.59,0.009337837823817061,1.483552,1.8970754838957269,7.987220447284345,False
0,0.74,6.485,20.2,18.85,0.009737237222616761,1.464016,2.394848818884537,8.058017727639001,False
0,0.74,5.854,20.2,23.79,0.008789789776591908,1.402744,2.6248352449424797,8.288437629506838,False
0,0.74,6.459,20.2,23.98,0.009698198183636339,1.471046,2.4571756760496895,8.032397335921551,False
0,0.74,6.341,20.2,17.79,0.009521021006725194,1.53328,1.9862387647413884,7.8125,False
0,0.74,6.251,20.2,16.44,0.009385885871792964,1.62652,2.39104001091028,7.5046904315197,False
0,0.713,6.185,20.2,18.13,0.009286786772842661,1.6125208,2.334964186317933,7.358351729212656,False
0,0.713,6.417,20.2,19.31,0.009635135120667965,1.5579049999999999,2.143121491225277,7.535321821036106,False
0,0.713,6.749,20.2,17.44,0.010133633618417967,1.6567268,2.0435189836286223,7.2210855698640035,False
0,0.713,6.655,20.2,17.73,0.00999249247748875,1.6792576,1.862705543083853,7.15307582260372,False
0,0.713,6.297,20.2,17.27,0.009454954940758325,1.6885265999999999,1.8066759959463214,7.125467608811829,False
0,0.713,7.393,20.2,16.74,0.011100600583933033,1.7487751,2.224417043716578,6.951081762099227,False
0,0.713,6.728,20.2,18.71,0.01010210208693378,1.7797193,2.3526725106043593,6.864792197019535,False
0,0.713,6.525,20.2,18.13,0.009797297282586642,1.7367253999999999,1.749611943801969,6.985272716688981,False
0,0.713,5.976,20.2,19.01,0.008972972959500041,1.8399678,1.7349827472403847,6.702787242361615,False
0,0.713,5.936,20.2,16.94,0.00891291289953016,1.9815695999999998,2.219266525546099,6.350550381033023,False
0,0.713,6.301,20.2,16.23,0.009460960946755314,1.9843503,2.1693085250418154,6.34400359493537,False
0,0.713,6.081,20.2,14.7,0.009130630616920975,1.9375774999999997,2.0542737224466707,6.4559515803631475,False
0,0.713,6.701,20.2,16.42,0.010061561546454111,1.8520175,1.7599471129733724,6.671299513551077,False
0,0.713,6.376,20.2,14.65,0.009573573559198838,1.8303422999999999,1.546095475702301,6.728154523282218,False
0,0.713,6.317,20.2,13.99,0.009484984970743265,1.9496272,2.035348578369212,6.426735218508997,False
0,0.713,6.513,20.2,10.29,0.009779279264595677,1.9975408,1.9200280793412094,6.313131313131313,False
0,0.655,6.209,20.2,13.22,0.00932282280882459,1.941027,2.1792099506138976,6.055406973810364,True
0,0.655,5.759,20.2,14.13,0.008647147134163443,2.0085575,1.4263800846591763,5.901881224640355,False
0,0.655,5.952,20.2,17.15,0.008936936923518112,1.8808325000000001,1.5633897854422465,6.199147617202635,False
0,0.584,6.003,20.2,21.32,0.00901351349997971,1.4835351999999997,1.690516391203815,6.779086518091687,False
0,0.58,5.926,20.2,18.13,0.008897897884537691,1.6868719999999997,2.807937767457695,6.140620202640467,True
0,0.58,5.713,20.2,14.76,0.00857807806519808,1.637746,2.6444072787962525,6.276643042079661,True
0,0.58,6.167,20.2,16.29,0.009259759745856216,1.7593719999999997,1.6768703671037264,5.9503148708285805,False
0,0.532,6.229,20.2,12.87,0.00935285283880953,1.6488276,1.6170905561197193,5.854658112360648,False
0,0.58,6.437,20.2,14.36,0.009665165150652905,1.67997,1.5192243229211484,6.159373796997305,True
0,0.614,6.98,20.2,11.66,0.010480480464744025,1.5552006,1.7311049511313974,6.7932859690339376,True
0,0.584,5.427,20.2,18.14,0.00814864863641344,1.4190032,2.203404332146021,6.9974925651641495,False
0,0.584,6.162,20.2,24.1,0.009252252238359982,1.288304,2.000549838013637,7.485963817841547,False
0,0.614,6.484,20.2,18.68,0.009735735721117513,1.4154541999999999,1.7700948094248417,7.261065561371131,False
0,0.614,5.304,20.2,24.91,0.00796396395200606,1.2898298,2.7740501538282305,7.740187699551715,False
0,0.614,6.185,20.2,18.03,0.009286786772842661,1.332687,2.418855874659432,7.569783945749881,False
0,0.614,6.229,20.2,13.11,0.00935285283880953,1.1980368,2.730053020578551,8.13228517213337,False
0,0.532,6.242,20.2,10.74,0.009372372358299741,1.8216744,1.9204472756044826,5.424709552009403,True
0,0.532,6.75,20.2,7.74,0.010135135119917215,1.7724644,1.9033276772324317,5.540549899577534,True
0,0.532,7.061,20.2,7.01,0.01060210208618303,1.8144392,1.9067474913596385,5.441436539246361,True
0,0.532,5.762,20.2,10.42,0.008651651638661183,2.1802956,1.3398262488998969,4.707451503442324,False
0,0.583,5.871,20.2,13.34,0.008815315302079107,2.171092,1.2174525430495582,5.080440304826418,False
0,0.583,6.312,20.2,10.58,0.00947747746324703,2.3271610999999996,1.541944630286521,4.80798124887313,True
0,0.583,6.114,20.2,14.98,0.009180180166396126,2.0672596999999997,1.9008754243872985,5.279482610704151,True
0,0.583,5.905,20.2,11.45,0.008866366353053504,1.8377909,1.763989083482614,5.77992919586735,True
0,0.609,5.454,20.1,18.06,0.007670886065160498,1.1089281,0.14050948897951462,1.4179871672161368,False
0,0.609,5.414,20.1,23.97,0.007614627274803618,1.0690386,0.16836630025465413,1.4516948537417436,False
0,0.609,5.093,20.1,29.68,0.0071631504821896615,1.1099634,0.18851897970190706,1.417133139658471,False
0,0.609,5.983,20.1,18.07,0.008414908567630226,1.1376729,0.10051479408986368,1.3946515114535756,False
0,0.609,5.983,20.1,13.35,0.008414908567630226,1.2849291,0.10554849798804088,1.286214990835718,False
0,0.585,5.707,19.2,12.01,0.014595907891059058,1.3932944999999999,0.15982881438052332,1.7742555519413312,True
0,0.585,5.926,19.2,13.59,0.015156010191416854,1.3932944999999999,0.24652408399188336,1.7742555519413312,False
0,0.585,5.67,19.2,17.6,0.014501278735290847,1.637181,0.16465813975505655,1.57952930026852,False
0,0.585,5.39,19.2,21.14,0.013785166205153026,1.637181,0.25433209277022684,1.57952930026852,True
0,0.585,5.794,19.2,14.1,0.01481841428435188,1.6922294999999998,0.23774049566117803,1.5413466231664397,True
0,0.585,6.019,19.2,12.92,0.01539386185321263,1.4093235,0.21440145025736632,1.7599953066791822,True
0,0.585,5.569,19.2,15.1,0.014242966715491134,1.4039415,0.16367376242147158,1.764757786993735,True
0,0.585,6.027,19.2,14.33,0.015414322211216568,1.461447,0.20243459342451153,1.715167800583157,True
0,0.573,6.593,21.0,9.67,0.024150183061720943,1.4202378,0.06074696727310071,0.2874719714827804,True
0,0.573,6.12,21.0,9.08,0.022417582335466733,1.3107374999999999,0.0442752252499075,0.3041825095057034,True
0,0.573,6.976,21.0,5.64,0.025553113459512406,1.2419775,0.058985632347870916,0.31570639305445936,False
0,0.573,6.794,21.0,6.48,0.024886446795287738,1.3688396999999999,0.10399057772120508,0.2950809997344271,False
0,0.573,6.03,21.0,7.88,0.022087912007003985,1.4353649999999998,0.04632045026850427,0.28530670470756064,False
